{"cameraMode":{"drawMode":0,"name":"Shaded","section":"Shading Mode"},"sceneLighting":true,"audioPlay":false,"sceneViewState":{"m_AlwaysRefresh":false,"showFog":true,"showSkybox":true,"showFlares":true,"showImageEffects":true,"showParticleSystems":true,"showVisualEffectGraphs":true,"m_FxEnabled":true},"in2DMode":false,"pivot":{"x":-0.3255426287651062,"y":1.678118109703064,"z":0.16332757472991944},"rotation":{"x":-0.4725014567375183,"y":0.4050425589084625,"z":-0.25911855697631838,"w":-0.7386175990104675},"size":1.4576561450958253,"orthographic":false}