{"cameraMode":{"drawMode":0,"name":"Shaded","section":"Shading Mode"},"sceneLighting":true,"audioPlay":false,"sceneViewState":{"m_AlwaysRefresh":false,"showFog":true,"showSkybox":true,"showFlares":true,"showImageEffects":true,"showParticleSystems":true,"showVisualEffectGraphs":true,"m_FxEnabled":true},"in2DMode":false,"pivot":{"x":-2.006194591522217,"y":2.857604503631592,"z":-2.1258277893066408},"rotation":{"x":-0.1877133548259735,"y":-0.47659364342689516,"z":0.10469861328601837,"w":-0.8525447249412537},"size":0.055296726524829867,"orthographic":false}