{"cameraMode":{"drawMode":0,"name":"Shaded","section":"Shading Mode"},"sceneLighting":true,"audioPlay":false,"sceneViewState":{"m_AlwaysRefresh":false,"showFog":true,"showSkybox":true,"showFlares":true,"showImageEffects":true,"showParticleSystems":true,"showVisualEffectGraphs":true,"m_FxEnabled":true},"in2DMode":false,"pivot":{"x":5.985648155212402,"y":3.6051018238067629,"z":12.693108558654786},"rotation":{"x":0.013502605259418488,"y":-0.04677148163318634,"z":0.0005467099254019558,"w":0.9990942478179932},"size":8.80177116394043,"orthographic":false}